A,algorithm
A,intelligence
A,ai
A,artificial intelligence
A,fintech
A,fin-tech
A,robot
A,chatbots
A,chatbot
A,neural network
A,machine learning
A,data mining
A,deep learning
A,principal component analysis
A,quantum
A,gpu
A,support vector machine
A,speech recognition
A,nlp
A,natural language processing
A,machine translation
A,decision tree
A,predictive analysis
A,boltzmann
A,linear regression
A,cluster analysis
A,sentiment analysis
A,markov
A,linear model
A,statistical learning
A,tensorflow
A,association analysis
A,markov chain monte carlo
A,mcmc
A,incremental learning
A,descriptive analysis
A,supervised learning
A,算法
A,智能
A,人工智能
A,人工智能
A,金融科技
A,科技金融
A,机器人
A,聊天机器人
A,聊天机器人
A,神经网络
A,机器学习
A,数据挖掘
A,深度学习
A,主成分分析
A,量化
A,图形处理器
A,支持向量机
A,语音识别
A,自然语言处理
A,自然语言处理
A,机器翻译
A,决策树
A,预测分析
A,玻尔兹曼
A,线性回归
A,聚类分析
A,情绪分析
A,马尔科夫
A,线性模型
A,统计学习
A,关联分析
A,马尔科夫链蒙特卡洛
A,马尔科夫链蒙特卡洛
A,增量学习
A,描述性分析
A,监督学习
B,blockchain
B,ethereum
B,bitcoin
B,区块链
B,以太坊
B,比特币
C,cloud
C,cloud computing
C,saas
C,software as a service
C,software-as-a-service
C,communication as a service
C,communication-as-a-service
C,data as a service
C,data-as-a-service
C,paas
C,platform as a service
C,platform-as-a-service
C,iaas
C,infrastructure as a service
C,infrastructure-as-a-service
C,internet-of-thing
C,internet of things
C,internet-of-things
C,middleware
C,p2p
C,peer to peer
C,peer-to-peer
C,云
C,云计算
C,软件即服务
C,软件即服务
C,软件即服务
C,通信即服务
C,通讯即服务
C,数据即服务
C,数据即服务
C,平台即服务
C,平台即服务
C,平台即服务
C,基础设施即服务
C,基础设施即服务
C,基础设施即服务
C,物联网
C,物联网
C,物联网
C,中间件
C,点对点借贷平台
C,点对点借贷平台
C,个人对个人
D,big data
D,teradata
D,knowledge database
D,knowledgebase
D,knowledge base
D,extract transform load
D,extract-transform-load
D,data warehouse
D,no sql
D,nosql
D,data science
D,mapreduce
D,hadoop
D,apache spark
D,大数据
D,天睿公司
D,知识数据库
D,知识库
D,知识库
D,ETL
D,数据仓库
D,非关系型数据库
D,非关系型数据库
D,数据科学
D,映射归约
D,海杜普
D,apache spark