#600791,京能置业：2012年年度报告.pdf,http://pg.jrj.com.cn/acc/CN_DISC\STOCK_TIME\2013\04\12\600791_nb_62353138.PDF,1612k
#600791,京能置业：2013年半年度报告.pdf,http://pg.jrj.com.cn/acc/CN_DISC\STOCK_TIME\2013\08\31\600791_nb_63029831.PDF,1313k
#600791,京能置业：2013年第一季度报告.pdf,http://pg.jrj.com.cn/acc/CN_DISC\STOCK_TIME\2013\04\27\600791_jb1_62439798.PDF,371k
#600791,京能置业：2013年第三季度报告.pdf,http://pg.jrj.com.cn/acc/CN_DISC\STOCK_TIME\2013\10\31\600791_jb3_63218667.PDF,437k
#600791,京能置业：2013年年度报告.pdf,http://pg.jrj.com.cn/acc/CN_DISC\STOCK_TIME\2014\03\21\600791_nb_63703580.PDF,1714k
#600791,京能置业：2014年第一季度报告.pdf,http://pg.jrj.com.cn/acc/CN_DISC\STOCK_TIME\2014\04\29\600791_jb1_63939721.PDF,510k
#600791,京能置业：2014年半年度报告.pdf,http://pg.jrj.com.cn/acc/CN_DISC\STOCK_TIME\2014\08\22\600791_nb_1200148515.PDF,1450k
#600791,京能置业：2014年第三季度报告.pdf,http://pg.jrj.com.cn/acc/CN_DISC\STOCK_TIME\2014\10\30\600791_jb3_1200352652.PDF,703k
#600791,京能置业：2014年年度报告.pdf,http://pg.jrj.com.cn/acc/CN_DISC\STOCK_TIME\2015\04\18\600791_nb_1200865435.PDF,2331k
#600791,京能置业：2015年半年度报告.pdf,http://pg.jrj.com.cn/acc/CN_DISC\STOCK_TIME\2015\08\22\600791_nb_1201475274.PDF,2002k
#600791,京能置业：2015年第一季度报告.pdf,http://pg.jrj.com.cn/acc/CN_DISC\STOCK_TIME\2015\04\30\600791_jb1_1200945827.PDF,448k
#600791,京能置业：2015年第三季度报告.pdf,http://pg.jrj.com.cn/acc/CN_DISC\STOCK_TIME\2015\10\31\600791_jb3_1201743292.PDF,481k
#600791,京能置业：2015年年度报告.pdf,http://pg.jrj.com.cn/acc/CN_DISC\STOCK_TIME\2016\04\15\101658019_nb_1202179350.PDF,2285k
#600791,京能置业：2016年第一季度报告.pdf,http://pg.jrj.com.cn/acc/CN_DISC\STOCK_TIME\2016\04\23\101658019_jb1_1202228004.PDF,491k
#600791,京能置业：2016年半年度报告.pdf,http://pg.jrj.com.cn/acc/CN_DISC\STOCK_TIME\2016\08\27\101658019_nb_1202635886.PDF,1939k
#600791,京能置业：2016年第三季度报告.pdf,http://pg.jrj.com.cn/acc/CN_DISC\STOCK_TIME\2016\10\29\101658019_jb3_1202803540.PDF,518k
#600791,京能置业：2016年年度报告.pdf,http://pg.jrj.com.cn/acc/CN_DISC\STOCK_TIME\2017\04\22\101658019_nb_1203360026.PDF,2147k
#600791,京能置业：2017年第一季度报告.pdf,http://pg.jrj.com.cn/acc/CN_DISC\STOCK_TIME\2017\04\29\101658019_jb1_1203424558.PDF,471k
#600791,京能置业：2017年第三季度报告.pdf,http://pg.jrj.com.cn/acc/CN_DISC\STOCK_TIME\2017\10\28\101658019_jb3_1204085646.PDF,479k
#600791,京能置业：2017年半年度报告.pdf,http://pg.jrj.com.cn/acc/CN_DISC\STOCK_TIME\2017\08\26\101658019_nb_1203872536.PDF,1832k
#600791,京能置业：2017年年度报告.pdf,http://pg.jrj.com.cn/acc/CN_DISC\STOCK_TIME\2018\04\28\101658019_nb_1204822751.PDF,2398k
#600791,京能置业：2018年第一季度报告.pdf,http://pg.jrj.com.cn/acc/CN_DISC\STOCK_TIME\2018\04\28\101658019_jb1_1204822881.PDF,531k
#600791,京能置业：2018年半年度报告.pdf,http://pg.jrj.com.cn/acc/CN_DISC\STOCK_TIME\2018\08\25\101658019_nb_1205323837.PDF,1968k
#600791,京能置业：2018年第三季度报告.pdf,http://pg.jrj.com.cn/acc/CN_DISC\STOCK_TIME\2018\10\27\101658019_jb3_1205544020.PDF,567k
